territory,ec_number,participants_number,given_bulletins_number,returned_bulletins_number,invalid_bulletins_number,turnout,yes_votes_total,yes_votes_percentage,no_votes_total,no_votes_percentage
Александровская,370,156,98,98,0,62.820512820513,84,85.71,14,14.29
Александровская,371,288,175,175,0,60.763888888889,150,85.71,25,14.29
Александровская,372,245,130,130,0,53.061224489796,105,80.77,25,19.23
Александровская,373,887,339,339,8,38.218714768884,201,59.29,130,38.35
Александровская,374,1020,500,500,5,49.019607843137,283,56.6,212,42.4
Александровская,375,959,468,468,7,48.800834202294,279,59.62,182,38.89
Александровская,376,959,446,446,9,46.506777893639,231,51.79,206,46.19
Александровская,377,68,37,37,1,54.411764705882,31,83.78,5,13.51
Александровская,378,887,406,406,3,45.772266065389,238,58.62,165,40.64
Александровская,379,993,468,467,6,47.129909365559,262,56.1,199,42.61
Александровская,380,151,80,80,0,52.980132450331,60,75,20,25
Александровская,381,116,78,78,0,67.241379310345,54,69.23,24,30.77
Асиновская,258,275,161,161,2,58.545454545455,111,68.94,48,29.81
Асиновская,259,1976,862,862,9,43.623481781377,570,66.13,283,32.83
Асиновская,260,1667,729,729,13,43.731253749250,467,64.06,249,34.16
Асиновская,261,1456,722,722,6,49.587912087912,502,69.53,214,29.64
Асиновская,262,380,253,253,0,66.578947368421,173,68.38,80,31.62
Асиновская,263,680,320,320,4,47.058823529412,227,70.94,89,27.81
Асиновская,264,714,330,330,7,46.218487394958,220,66.67,103,31.21
Асиновская,265,1534,686,686,1,44.719687092568,461,67.2,224,32.65
Асиновская,266,594,222,222,1,37.373737373737,149,67.12,72,32.43
Асиновская,267,1117,432,432,4,38.675022381379,255,59.03,173,40.05
Асиновская,268,1321,628,628,13,47.539742619228,430,68.47,185,29.46
Асиновская,269,1378,600,600,4,43.541364296081,446,74.33,150,25
Асиновская,270,1318,470,470,4,35.660091047041,327,69.57,139,29.57
Асиновская,271,1938,693,693,4,35.758513931889,466,67.24,223,32.18
Асиновская,272,1419,664,664,8,46.793516560958,468,70.48,188,28.31
Асиновская,273,637,287,287,1,45.054945054945,232,80.84,54,18.82
Асиновская,274,589,324,324,3,55.008488964346,246,75.93,75,23.15
Асиновская,275,633,245,245,3,38.704581358610,164,66.94,78,31.84
Асиновская,276,70,51,51,1,72.857142857143,42,82.35,8,15.69
Асиновская,277,516,345,345,2,66.860465116279,274,79.42,69,20
Асиновская,278,570,389,389,4,68.245614035088,279,71.72,106,27.25
Асиновская,279,111,92,92,0,82.882882882883,85,92.39,7,7.61
Асиновская,280,78,67,67,1,85.897435897436,49,73.13,17,25.37
Асиновская,281,99,77,77,0,77.777777777778,63,81.82,14,18.18
Асиновская,282,538,267,267,2,49.628252788104,219,82.02,46,17.23
Асиновская,283,196,98,98,2,50.000000000000,75,76.53,21,21.43
Асиновская,284,251,191,191,0,76.095617529880,134,70.16,57,29.84
Асиновская,285,772,364,364,1,47.150259067358,294,80.77,69,18.96
Асиновская,286,295,217,217,5,73.559322033898,145,66.82,67,30.88
Асиновская,287,827,497,497,3,60.096735187424,320,64.39,174,35.01
Асиновская,288,285,177,177,1,62.105263157895,144,81.36,32,18.08
Асиновская,289,259,146,146,1,56.370656370656,118,80.82,27,18.49
Асиновская,290,390,240,240,1,61.538461538462,177,73.75,62,25.83
Асиновская,291,279,165,165,2,59.139784946237,135,81.82,28,16.97
Асиновская,292,153,109,109,0,71.241830065359,98,89.91,11,10.09
Асиновская,293,101,83,83,0,82.178217821782,73,87.95,10,12.05
Асиновская,294,118,98,98,0,83.050847457627,68,69.39,30,30.61
Асиновская,295,232,157,157,1,67.672413793103,100,63.69,56,35.67
Асиновская,296,103,81,81,1,78.640776699029,63,77.78,17,20.99
Асиновская,297,434,343,343,0,79.032258064516,252,73.47,91,26.53
Асиновская,298,139,92,92,1,66.187050359712,64,69.57,27,29.35
Асиновская,299,637,435,435,4,68.288854003140,297,68.28,134,30.8
Асиновская,300,297,149,149,0,50.168350168350,128,85.91,21,14.09
Асиновская,301,185,116,116,2,62.702702702703,84,72.41,30,25.86
Бакчарская,382,568,356,356,4,62.676056338028,251,70.51,101,28.37
Бакчарская,383,51,23,23,1,45.098039215686,15,65.22,7,30.43
Бакчарская,384,299,195,195,4,65.217391304348,148,75.9,43,22.05
Бакчарская,385,99,74,74,0,74.747474747475,64,86.49,10,13.51
Бакчарская,386,656,313,313,5,47.713414634146,186,59.42,122,38.98
Бакчарская,387,844,409,409,4,48.459715639810,269,65.77,136,33.25
Бакчарская,388,520,280,280,5,53.846153846154,186,66.43,89,31.79
Бакчарская,389,521,243,243,5,46.641074856046,156,64.2,82,33.74
Бакчарская,390,669,452,452,3,67.563527653214,257,56.86,192,42.48
Бакчарская,391,481,171,171,5,35.550935550936,124,72.51,42,24.56
Бакчарская,392,529,256,256,5,48.393194706994,182,71.09,69,26.95
Бакчарская,393,465,235,235,4,50.537634408602,151,64.26,80,34.04
Бакчарская,394,75,60,60,0,80.000000000000,43,71.67,17,28.33
Бакчарская,395,349,269,269,1,77.077363896848,192,71.38,76,28.25
Бакчарская,396,365,256,256,1,70.136986301370,218,85.16,37,14.45
Бакчарская,397,221,113,113,0,51.131221719457,86,76.11,27,23.89
Бакчарская,398,88,46,46,0,52.272727272727,36,78.26,10,21.74
Бакчарская,399,202,110,110,1,54.455445544554,98,89.09,11,10
Бакчарская,400,65,44,44,0,67.692307692308,27,61.36,17,38.64
Бакчарская,401,92,41,41,1,44.565217391304,38,92.68,2,4.88
Бакчарская,402,413,266,266,0,64.406779661017,212,79.7,54,20.3
Бакчарская,403,89,61,61,0,68.539325842697,39,63.93,22,36.07
Бакчарская,404,508,338,338,8,66.535433070866,232,68.64,98,28.99
Бакчарская,405,316,214,214,2,67.721518987342,133,62.15,79,36.92
Бакчарская,406,565,305,305,3,53.982300884956,184,60.33,118,38.69
Бакчарская,407,144,76,76,1,52.777777777778,66,86.84,9,11.84
Бакчарская,408,41,27,27,0,65.853658536585,20,74.07,7,25.93
Верхнекетская,409,1496,719,719,8,48.061497326203,483,67.18,228,31.71
Верхнекетская,410,2227,1124,1123,11,50.471486304445,667,59.39,445,39.63
Верхнекетская,411,1791,835,835,10,46.621998883305,559,66.95,266,31.86
Верхнекетская,412,570,268,268,2,47.017543859649,168,62.69,98,36.57
Верхнекетская,413,527,329,329,2,62.428842504744,199,60.49,128,38.91
Верхнекетская,414,1021,529,529,4,51.811949069540,456,86.2,69,13.04
Верхнекетская,415,1508,866,866,3,57.427055702918,630,72.75,233,26.91
Верхнекетская,416,1009,825,825,4,81.764122893954,647,78.42,174,21.09
Верхнекетская,417,159,104,104,0,65.408805031447,85,81.73,19,18.27
Верхнекетская,418,197,118,118,1,59.898477157360,71,60.17,46,38.98
Верхнекетская,419,502,309,309,3,61.553784860558,230,74.43,76,24.6
Верхнекетская,420,125,63,63,0,50.400000000000,43,68.25,20,31.75
Верхнекетская,421,683,447,447,1,65.446559297218,326,72.93,120,26.85
Верхнекетская,422,223,139,139,0,62.331838565022,93,66.91,46,33.09
Верхнекетская,423,89,30,30,0,33.707865168539,30,100,0,0
Верхнекетская,424,254,177,177,2,69.685039370079,148,83.62,27,15.25
Зырянская,425,284,113,113,0,39.788732394366,72,63.72,41,36.28
Зырянская,426,568,270,270,2,47.535211267606,192,71.11,76,28.15
Зырянская,427,55,32,32,0,58.181818181818,25,78.13,7,21.88
Зырянская,428,48,30,30,0,62.500000000000,27,90,3,10
Зырянская,429,290,132,132,2,45.517241379310,97,73.48,33,25
Зырянская,430,516,273,273,2,52.906976744186,186,68.13,85,31.14
Зырянская,431,193,103,103,0,53.367875647668,91,88.35,12,11.65
Зырянская,432,37,26,26,0,70.270270270270,21,80.77,5,19.23
Зырянская,433,183,108,108,1,59.016393442623,86,79.63,21,19.44
Зырянская,434,208,131,131,0,62.980769230769,104,79.39,27,20.61
Зырянская,435,163,74,74,0,45.398773006135,61,82.43,13,17.57
Зырянская,436,454,168,168,0,37.004405286344,137,81.55,31,18.45
Зырянская,437,169,69,69,1,40.828402366864,44,63.77,24,34.78
Зырянская,438,472,262,262,2,55.508474576271,207,79.01,53,20.23
Зырянская,439,209,78,78,1,37.320574162679,65,83.33,12,15.38
Зырянская,440,402,229,229,1,56.965174129353,165,72.05,63,27.51
Зырянская,441,265,131,131,0,49.433962264151,113,86.26,18,13.74
Зырянская,442,205,106,106,0,51.707317073171,90,84.91,16,15.09
Зырянская,443,521,200,200,2,38.387715930902,136,68,62,31
Зырянская,444,296,155,155,1,52.364864864865,118,76.13,36,23.23
Зырянская,445,394,116,116,1,29.441624365482,71,61.21,44,37.93
Зырянская,446,134,72,72,0,53.731343283582,60,83.33,12,16.67
Зырянская,447,474,164,164,2,34.599156118143,117,71.34,45,27.44
Зырянская,448,361,189,189,1,52.354570637119,144,76.19,44,23.28
Зырянская,449,361,198,198,1,54.847645429363,149,75.25,48,24.24
Зырянская,450,603,250,250,3,41.459369817579,173,69.2,74,29.6
Зырянская,451,137,101,101,1,73.722627737226,76,75.25,24,23.76
Зырянская,452,626,294,294,2,46.964856230032,190,64.63,102,34.69
Зырянская,453,131,54,54,0,41.221374045802,35,64.81,19,35.19
Зырянская,454,631,233,233,0,36.925515055468,156,66.95,77,33.05
Зырянская,455,790,321,321,7,40.632911392405,213,66.36,101,31.46
Зырянская,456,822,448,448,4,54.501216545012,329,73.44,115,25.67
Каргасокская,457,136,92,92,0,67.647058823529,75,81.52,17,18.48
Каргасокская,458,256,185,185,2,72.265625000000,161,87.03,22,11.89
Каргасокская,459,372,214,214,0,57.526881720430,195,91.12,19,8.88
Каргасокская,460,196,122,122,0,62.244897959184,107,87.7,15,12.3
Каргасокская,461,532,353,353,3,66.353383458647,160,45.33,190,53.82
Каргасокская,462,1241,630,630,13,50.765511684126,393,62.38,224,35.56
Каргасокская,463,1472,613,613,5,41.644021739130,389,63.46,219,35.73
Каргасокская,464,1225,600,600,4,48.979591836735,317,52.83,279,46.5
Каргасокская,465,759,249,249,0,32.806324110672,165,66.27,84,33.73
Каргасокская,466,936,421,421,4,44.978632478632,278,66.03,139,33.02
Каргасокская,467,1483,550,550,6,37.086985839514,367,66.73,177,32.18
Каргасокская,468,1455,466,466,6,32.027491408935,331,71.03,129,27.68
Каргасокская,469,585,266,266,3,45.470085470085,173,65.04,90,33.83
Каргасокская,470,625,233,233,2,37.280000000000,177,75.97,54,23.18
Каргасокская,471,222,167,167,2,75.225225225225,134,80.24,31,18.56
Каргасокская,472,92,49,49,0,53.260869565217,35,71.43,14,28.57
Каргасокская,473,159,112,112,3,70.440251572327,72,64.29,37,33.04
Каргасокская,474,198,149,149,1,75.252525252525,95,63.76,53,35.57
Каргасокская,475,183,136,136,0,74.316939890710,112,82.35,24,17.65
Каргасокская,476,162,118,118,0,72.839506172840,102,86.44,16,13.56
Каргасокская,477,155,95,95,0,61.290322580645,68,71.58,27,28.42
Каргасокская,478,345,191,191,3,55.362318840580,132,69.11,56,29.32
Каргасокская,479,384,204,204,3,53.125000000000,124,60.78,77,37.75
Каргасокская,480,273,187,187,3,68.498168498168,104,55.61,80,42.78
Каргасокская,481,104,47,47,0,45.192307692308,45,95.74,2,4.26
Каргасокская,482,195,109,109,3,55.897435897436,87,79.82,19,17.43
Каргасокская,483,1085,393,393,4,36.221198156682,293,74.55,96,24.43
Каргасокская,484,2399,1282,1282,19,53.438932888704,619,48.28,644,50.23
Каргасокская,485,266,161,161,2,60.526315789474,114,70.81,45,27.95
Каргасокская,486,436,303,303,5,69.495412844037,141,46.53,157,51.82
Кедровская городская,302,877,365,365,1,41.619156214367,241,66.03,123,33.7
Кедровская городская,303,823,406,406,2,49.331713244228,255,62.81,149,36.7
Кедровская городская,304,192,116,116,2,60.416666666667,75,64.66,39,33.62
Кедровская городская,305,599,273,273,1,45.575959933222,185,67.77,87,31.87
Кедровская городская,306,214,110,110,2,51.401869158878,66,60,42,38.18
Кожевниковская,487,276,152,152,0,55.072463768116,137,90.13,15,9.87
Кожевниковская,488,292,195,195,0,66.780821917808,167,85.64,28,14.36
Кожевниковская,489,492,337,337,0,68.495934959350,251,74.48,86,25.52
Кожевниковская,490,169,143,143,0,84.615384615385,122,85.31,21,14.69
Кожевниковская,491,159,132,132,1,83.018867924528,77,58.33,54,40.91
Кожевниковская,492,1692,750,750,10,44.326241134752,489,65.2,251,33.47
Кожевниковская,493,1928,989,989,10,51.296680497925,658,66.53,321,32.46
Кожевниковская,494,1365,511,511,9,37.435897435897,351,68.69,151,29.55
Кожевниковская,495,1472,553,553,1,37.567934782609,364,65.82,188,33.99
Кожевниковская,496,319,171,171,0,53.605015673981,139,81.29,32,18.71
Кожевниковская,497,110,59,59,0,53.636363636364,49,83.05,10,16.95
Кожевниковская,498,344,198,198,1,57.558139534884,156,78.79,41,20.71
Кожевниковская,499,160,91,91,1,56.875000000000,78,85.71,12,13.19
Кожевниковская,500,242,140,140,0,57.851239669421,110,78.57,30,21.43
Кожевниковская,501,980,640,640,0,65.306122448980,462,72.19,178,27.81
Кожевниковская,502,113,70,70,0,61.946902654867,60,85.71,10,14.29
Кожевниковская,503,857,403,403,2,47.024504084014,336,83.37,65,16.13
Кожевниковская,504,257,138,138,1,53.696498054475,103,74.64,34,24.64
Кожевниковская,505,345,195,195,4,56.521739130435,166,85.13,25,12.82
Кожевниковская,506,188,102,102,1,54.255319148936,81,79.41,20,19.61
Кожевниковская,507,550,300,300,6,54.545454545455,217,72.33,77,25.67
Кожевниковская,508,273,151,151,3,55.311355311355,110,72.85,38,25.17
Кожевниковская,509,411,222,222,8,54.014598540146,168,75.68,46,20.72
Кожевниковская,510,256,154,154,0,60.156250000000,119,77.27,35,22.73
Кожевниковская,511,248,156,156,0,62.903225806452,131,83.97,25,16.03
Кожевниковская,512,253,144,144,1,56.916996047431,89,61.81,54,37.5
Кожевниковская,513,262,173,173,0,66.030534351145,102,58.96,71,41.04
Кожевниковская,514,327,152,152,0,46.483180428135,126,82.89,26,17.11
Кожевниковская,515,872,404,404,2,46.330275229358,324,80.2,78,19.31
Кожевниковская,516,281,197,197,1,70.106761565836,158,80.2,38,19.29
Кожевниковская,517,138,100,100,0,72.463768115942,90,90,10,10
Колпашевская,307,796,408,408,5,51.256281407035,278,68.14,125,30.64
Колпашевская,308,1395,625,625,10,44.802867383513,427,68.32,188,30.08
Колпашевская,309,673,360,360,1,53.491827637444,247,68.61,112,31.11
Колпашевская,310,1275,623,623,6,48.862745098039,391,62.76,226,36.28
Колпашевская,311,1093,607,607,11,55.535224153705,400,65.9,196,32.29
Колпашевская,312,1374,669,669,8,48.689956331878,428,63.98,233,34.83
Колпашевская,313,1022,648,648,5,63.405088062622,445,68.67,198,30.56
Колпашевская,314,1050,582,582,7,55.428571428571,383,65.81,192,32.99
Колпашевская,315,1123,693,693,12,61.709706144256,430,62.05,251,36.22
Колпашевская,316,744,361,361,6,48.521505376344,234,64.82,121,33.52
Колпашевская,317,889,434,434,5,48.818897637795,314,72.35,115,26.5
Колпашевская,318,489,255,255,3,52.147239263804,181,70.98,71,27.84
Колпашевская,319,945,516,516,5,54.603174603175,374,72.48,137,26.55
Колпашевская,320,1205,641,641,8,53.195020746888,442,68.95,191,29.8
Колпашевская,321,813,328,328,4,40.344403444034,208,63.41,116,35.37
Колпашевская,322,1177,550,550,3,46.728971962617,356,64.73,191,34.73
Колпашевская,323,956,375,375,5,39.225941422594,260,69.33,110,29.33
Колпашевская,324,652,317,317,4,48.619631901840,224,70.66,89,28.08
Колпашевская,325,607,290,290,6,47.775947281713,206,71.03,78,26.9
Колпашевская,326,953,490,490,7,51.416579223505,345,70.41,138,28.16
Колпашевская,327,719,420,420,4,58.414464534075,301,71.67,115,27.38
Колпашевская,328,734,416,416,3,56.675749318801,298,71.63,115,27.64
Колпашевская,329,1056,628,628,12,59.469696969697,437,69.59,179,28.5
Колпашевская,330,1014,525,525,10,51.775147928994,388,73.9,127,24.19
Колпашевская,331,407,266,266,5,65.356265356265,189,71.05,72,27.07
Колпашевская,332,124,78,78,1,62.903225806452,64,82.05,13,16.67
Колпашевская,333,1361,688,688,5,50.551065393093,474,68.9,209,30.38
Колпашевская,334,946,484,484,8,51.162790697674,336,69.42,140,28.93
Колпашевская,335,166,107,107,0,64.457831325301,78,72.9,29,27.1
Колпашевская,336,83,70,70,0,84.337349397590,60,85.71,10,14.29
Колпашевская,337,1071,599,599,5,55.929038281979,370,61.77,224,37.4
Колпашевская,338,566,300,300,5,53.003533568905,178,59.33,117,39
Колпашевская,339,564,312,312,0,55.319148936170,237,75.96,75,24.04
Колпашевская,340,208,125,125,0,60.096153846154,92,73.6,33,26.4
Колпашевская,341,291,171,171,0,58.762886597938,138,80.7,33,19.3
Колпашевская,342,147,96,96,2,65.306122448980,77,80.21,17,17.71
Колпашевская,343,389,287,287,1,73.778920308483,250,87.11,36,12.54
Колпашевская,344,591,413,413,5,69.881556683587,272,65.86,136,32.93
Колпашевская,345,99,59,59,0,59.595959595960,50,84.75,9,15.25
Колпашевская,346,227,189,189,1,83.259911894273,144,76.19,44,23.28
Колпашевская,347,132,76,76,0,57.575757575758,49,64.47,27,35.53
Колпашевская,348,600,380,380,4,63.333333333333,284,74.74,92,24.21
Колпашевская,349,411,344,344,6,83.698296836983,199,57.85,139,40.41
Колпашевская,350,112,67,67,1,59.821428571429,54,80.6,12,17.91
Колпашевская,351,184,121,121,4,65.760869565217,95,78.51,22,18.18
Колпашевская,352,172,66,66,1,38.372093023256,55,83.33,10,15.15
Колпашевская,353,134,60,60,0,44.776119402985,48,80,12,20
Колпашевская,354,445,305,305,7,68.539325842697,212,69.51,86,28.2
Колпашевская,355,127,90,90,0,70.866141732283,73,81.11,17,18.89
Колпашевская,356,53,13,13,0,24.528301886792,11,84.62,2,15.38
Колпашевская,357,257,157,157,3,61.089494163424,112,71.34,42,26.75
Колпашевская,773,67,67,67,0,100.000000000000,60,89.55,7,10.45
Кривошеинская,518,670,293,293,5,43.731343283582,194,66.21,94,32.08
Кривошеинская,519,330,138,138,5,41.818181818182,85,61.59,48,34.78
Кривошеинская,520,143,57,57,0,39.860139860140,49,85.96,8,14.04
Кривошеинская,521,420,182,182,4,43.333333333333,135,74.18,43,23.63
Кривошеинская,522,257,125,125,0,48.638132295720,108,86.4,17,13.6
Кривошеинская,523,414,238,238,4,57.487922705314,133,55.88,101,42.44
Кривошеинская,524,765,389,389,2,50.849673202614,297,76.35,90,23.14
Кривошеинская,525,398,225,225,0,56.532663316583,171,76,54,24
Кривошеинская,526,739,325,325,1,43.978349120433,231,71.08,93,28.62
Кривошеинская,527,68,46,46,2,67.647058823529,43,93.48,1,2.17
Кривошеинская,528,321,167,167,1,52.024922118380,135,80.84,31,18.56
Кривошеинская,529,149,87,87,0,58.389261744966,71,81.61,16,18.39
Кривошеинская,530,211,105,105,0,49.763033175355,84,80,21,20
Кривошеинская,531,197,88,88,1,44.670050761421,68,77.27,19,21.59
Кривошеинская,532,56,28,28,0,50.000000000000,21,75,7,25
Кривошеинская,533,332,166,166,2,50.000000000000,128,77.11,36,21.69
Кривошеинская,534,627,284,284,4,45.295055821372,171,60.21,109,38.38
Кривошеинская,535,544,233,233,3,42.830882352941,185,79.4,45,19.31
Кривошеинская,536,572,277,277,0,48.426573426573,203,73.29,74,26.71
Кривошеинская,537,598,233,233,2,38.963210702341,168,72.1,63,27.04
Кривошеинская,538,190,115,115,0,60.526315789474,103,89.57,12,10.43
Кривошеинская,539,122,72,72,0,59.016393442623,66,91.67,6,8.33
Кривошеинская,540,236,99,99,0,41.949152542373,69,69.7,30,30.3
Кривошеинская,541,850,379,379,3,44.588235294118,246,64.91,130,34.3
Кривошеинская,542,697,351,351,1,50.358680057389,227,64.67,123,35.04
Кривошеинская,543,654,279,279,3,42.660550458716,191,68.46,85,30.47
Молчановская,544,116,42,42,0,36.206896551724,30,71.43,12,28.57
Молчановская,545,410,182,182,1,44.390243902439,131,71.98,50,27.47
Молчановская,546,508,191,191,2,37.598425196850,133,69.63,56,29.32
Молчановская,547,720,288,288,1,40.000000000000,208,72.22,79,27.43
Молчановская,548,776,410,410,2,52.835051546392,258,62.93,150,36.59
Молчановская,549,698,278,278,1,39.828080229226,188,67.63,89,32.01
Молчановская,550,651,332,332,0,50.998463901690,212,63.86,120,36.14
Молчановская,551,670,267,267,4,39.850746268657,181,67.79,82,30.71
Молчановская,552,665,246,246,1,36.992481203008,160,65.04,85,34.55
Молчановская,553,632,292,292,6,46.202531645570,210,71.92,76,26.03
Молчановская,554,54,31,31,0,57.407407407407,25,80.65,6,19.35
Молчановская,555,96,60,60,0,62.500000000000,52,86.67,8,13.33
Молчановская,556,243,156,156,2,64.197530864198,125,80.13,29,18.59
Молчановская,557,109,66,66,4,60.550458715596,57,86.36,5,7.58
Молчановская,558,134,74,74,1,55.223880597015,67,90.54,6,8.11
Молчановская,559,182,91,91,1,50.000000000000,68,74.73,22,24.18
Молчановская,560,117,67,67,0,57.264957264957,43,64.18,24,35.82
Молчановская,561,323,183,183,1,56.656346749226,133,72.68,49,26.78
Молчановская,562,68,42,42,0,61.764705882353,39,92.86,3,7.14
Молчановская,563,359,164,164,0,45.682451253482,132,80.49,32,19.51
Молчановская,564,442,262,262,4,59.276018099548,207,79.01,51,19.47
Молчановская,565,610,234,234,6,38.360655737705,152,64.96,76,32.48
Молчановская,566,453,134,134,0,29.580573951435,99,73.88,35,26.12
Молчановская,567,544,200,200,9,36.764705882353,160,80,31,15.5
Молчановская,568,544,212,212,7,38.970588235294,152,71.7,53,25
Молчановская,569,443,172,172,2,38.826185101580,141,81.98,29,16.86
Парабельская,571,323,185,185,6,57.275541795666,138,74.59,41,22.16
Парабельская,572,888,393,393,1,44.256756756757,237,60.31,155,39.44
Парабельская,573,375,187,187,3,49.866666666667,84,44.92,100,53.48
Парабельская,574,97,60,60,0,61.855670103093,50,83.33,10,16.67
Парабельская,575,748,400,400,5,53.475935828877,301,75.25,94,23.5
Парабельская,576,216,137,137,2,63.425925925926,119,86.86,16,11.68
Парабельская,577,152,113,113,1,74.342105263158,63,55.75,49,43.36
Парабельская,578,60,39,39,0,65.000000000000,34,87.18,5,12.82
Парабельская,579,375,234,234,1,62.400000000000,148,63.25,85,36.32
Парабельская,580,1498,1073,1073,9,71.628838451268,509,47.44,555,51.72
Парабельская,581,1229,597,597,10,48.576078112286,381,63.82,206,34.51
Парабельская,582,432,217,217,4,50.231481481481,143,65.9,70,32.26
Парабельская,583,834,330,330,8,39.568345323741,207,62.73,115,34.85
Парабельская,584,947,447,447,6,47.201689545935,312,69.8,129,28.86
Парабельская,585,755,373,373,4,49.403973509934,227,60.86,142,38.07
Парабельская,586,282,167,167,4,59.219858156028,129,77.25,34,20.36
Парабельская,587,293,200,200,2,68.259385665529,173,86.5,25,12.5
Парабельская,588,77,51,51,0,66.233766233766,39,76.47,12,23.53
Парабельская,589,87,49,49,1,56.321839080460,41,83.67,7,14.29
Парабельская,590,363,202,202,1,55.647382920110,143,70.79,58,28.71
Парабельская,591,119,84,84,0,70.588235294118,62,73.81,22,26.19
Парабельская,592,473,220,220,6,46.511627906977,161,73.18,53,24.09
Первомайская,593,180,116,116,0,64.444444444444,80,68.97,36,31.03
Первомайская,594,160,92,92,2,57.500000000000,75,81.52,15,16.3
Первомайская,595,350,194,194,5,55.428571428571,148,76.29,41,21.13
Первомайская,596,94,56,56,1,59.574468085106,41,73.21,14,25
Первомайская,597,994,499,499,7,50.201207243461,340,68.14,152,30.46
Первомайская,598,247,153,153,1,61.943319838057,117,76.47,35,22.88
Первомайская,599,239,172,172,0,71.966527196653,126,73.26,46,26.74
Первомайская,600,107,82,82,1,76.635514018692,64,78.05,17,20.73
Первомайская,601,793,411,411,5,51.828499369483,286,69.59,120,29.2
Первомайская,602,748,369,369,5,49.331550802139,243,65.85,121,32.79
Первомайская,603,61,46,46,2,75.409836065574,28,60.87,16,34.78
Первомайская,604,35,24,24,0,68.571428571429,20,83.33,4,16.67
Первомайская,605,731,420,420,4,57.455540355677,326,77.62,90,21.43
Первомайская,606,95,64,64,0,67.368421052632,52,81.25,12,18.75
Первомайская,607,192,116,116,0,60.416666666667,109,93.97,7,6.03
Первомайская,608,125,79,79,0,63.200000000000,44,55.7,35,44.3
Первомайская,609,321,253,253,4,78.816199376947,145,57.31,104,41.11
Первомайская,610,218,182,182,1,83.486238532110,128,70.33,53,29.12
Первомайская,611,1808,995,995,11,55.033185840708,601,60.4,383,38.49
Первомайская,612,1501,622,622,9,41.439040639574,376,60.45,237,38.1
Первомайская,613,1655,751,751,4,45.377643504532,440,58.59,307,40.88
Первомайская,614,872,324,324,3,37.155963302752,237,73.15,84,25.93
Первомайская,615,635,387,387,1,60.944881889764,272,70.28,114,29.46
Первомайская,616,285,105,105,1,36.842105263158,79,75.24,25,23.81
Первомайская,617,302,143,143,3,47.350993377483,101,70.63,39,27.27
Первомайская,618,206,138,138,2,66.990291262136,87,63.04,49,35.51
Первомайская,619,168,106,106,0,63.095238095238,66,62.26,40,37.74
Первомайская,620,348,236,236,2,67.816091954023,163,69.07,71,30.08
Первомайская,621,474,265,265,1,55.907172995781,168,63.4,96,36.23
Первомайская,622,367,234,234,4,63.760217983651,160,68.38,70,29.91
Северская городская,213,2234,1116,1116,21,49.955237242614,740,66.31,355,31.81
Северская городская,214,147,122,122,1,82.993197278912,90,73.77,31,25.41
Северская городская,215,2068,1015,1015,21,49.081237911025,667,65.71,327,32.22
Северская городская,216,2115,1092,1091,13,51.631205673759,711,65.17,367,33.64
Северская городская,217,1890,999,999,12,52.857142857143,674,67.47,313,31.33
Северская городская,218,2088,1073,1070,10,51.388888888889,689,64.39,371,34.67
Северская городская,219,1975,1003,1003,9,50.784810126582,608,60.62,386,38.48
Северская городская,220,2228,1096,1092,15,49.192100538600,687,62.91,390,35.71
Северская городская,221,1989,933,933,5,46.907993966817,588,63.02,340,36.44
Северская городская,222,2456,1129,1129,15,45.969055374593,715,63.33,399,35.34
Северская городская,223,2192,1046,1046,20,47.718978102190,626,59.85,400,38.24
Северская городская,224,2797,1591,1591,29,56.882373972113,874,54.93,688,43.24
Северская городская,225,1900,941,941,6,49.526315789474,632,67.16,303,32.2
Северская городская,226,2129,986,985,19,46.312822921559,593,60.2,373,37.87
Северская городская,227,2253,1029,1025,23,45.672436750999,658,64.2,344,33.56
Северская городская,228,2069,1049,1049,15,50.700821652972,656,62.54,378,36.03
Северская городская,229,2162,1149,1146,16,53.145235892692,713,62.22,417,36.39
Северская городская,230,2475,1206,1206,10,48.727272727273,789,65.42,407,33.75
Северская городская,231,2316,1199,1199,18,51.770293609672,752,62.72,429,35.78
Северская городская,232,1929,946,946,15,49.040953862105,607,64.16,324,34.25
Северская городская,233,2033,1043,1043,7,51.303492375799,662,63.47,374,35.86
Северская городская,234,2626,1247,1246,22,47.486671744097,777,62.36,447,35.87
Северская городская,235,1916,987,986,18,51.513569937370,647,65.62,321,32.56
Северская городская,236,2147,1059,1059,12,49.324639031206,695,65.63,352,33.24
Северская городская,237,2558,1465,1465,9,57.271305707584,888,60.61,568,38.77
Северская городская,238,2081,969,969,12,46.564151850072,628,64.81,329,33.95
Северская городская,239,2483,1396,1388,17,56.222311719694,861,62.03,510,36.74
Северская городская,240,1992,1109,1105,21,55.672690763052,704,63.71,380,34.39
Северская городская,241,2695,1453,1453,19,53.914656771800,899,61.87,535,36.82
Северская городская,242,2150,1070,1070,17,49.767441860465,665,62.15,388,36.26
Северская городская,243,2141,1194,1193,11,55.768332554881,724,60.69,458,38.39
Северская городская,244,2192,1105,1099,19,50.410583941606,725,65.97,355,32.3
Северская городская,245,2164,1153,1153,12,53.280961182994,722,62.62,419,36.34
Северская городская,246,1771,896,896,11,50.592885375494,504,56.25,381,42.52
Северская городская,247,2965,1874,1873,27,63.204047217538,1060,56.59,786,41.96
Северская городская,248,2608,1497,1496,14,57.400306748466,915,61.16,567,37.9
Северская городская,249,221,192,192,1,86.877828054299,122,63.54,69,35.94
Северская городская,250,2276,1165,1165,16,51.186291739895,682,58.54,467,40.09
Северская городская,251,2672,1401,1401,18,52.432634730539,863,61.6,520,37.12
Северская городская,252,772,431,431,7,55.829015544041,259,60.09,165,38.28
Северская городская,253,2334,1070,1070,21,45.844044558698,689,64.39,360,33.64
Северская городская,254,2103,1004,1004,16,47.741321921065,598,59.56,390,38.84
Северская городская,255,509,315,315,0,61.886051080550,236,74.92,79,25.08
Северская городская,256,739,364,364,9,49.255751014885,223,61.26,132,36.26
Северская городская,257,1241,613,613,7,49.395648670427,373,60.85,233,38.01
Cтрежевская городская,358,2412,951,951,6,39.427860696517,600,63.09,345,36.28
Cтрежевская городская,359,2149,785,785,15,36.528617961843,460,58.6,310,39.49
Cтрежевская городская,360,2519,1049,1048,9,41.643509329099,623,59.45,416,39.69
Cтрежевская городская,361,2588,1186,1186,12,45.826893353941,723,60.96,451,38.03
Cтрежевская городская,362,2471,1109,1109,3,44.880615135573,672,60.6,434,39.13
Cтрежевская городская,363,2374,934,934,7,39.342881213142,523,55.99,404,43.25
Cтрежевская городская,364,2387,1005,1005,7,42.103058232090,600,59.7,398,39.6
Cтрежевская городская,365,2504,1180,1180,17,47.124600638978,731,61.95,432,36.61
Cтрежевская городская,366,2691,1046,1046,15,38.870308435526,625,59.75,406,38.81
Cтрежевская городская,367,2216,838,838,8,37.815884476534,537,64.08,293,34.96
Cтрежевская городская,368,2349,911,911,5,38.782460621541,564,61.91,342,37.54
Cтрежевская городская,369,2600,1175,1175,14,45.192307692308,722,61.45,439,37.36
Тегульдетская,623,45,25,25,2,55.555555555556,16,64,7,28
Тегульдетская,624,36,30,30,0,83.333333333333,29,96.67,1,3.33
Тегульдетская,625,43,27,27,0,62.790697674419,26,96.3,1,3.7
Тегульдетская,626,120,71,71,1,59.166666666667,52,73.24,18,25.35
Тегульдетская,627,48,23,23,0,47.916666666667,21,91.3,2,8.7
Тегульдетская,628,398,208,208,5,52.261306532663,134,64.42,69,33.17
Тегульдетская,629,337,175,175,0,51.928783382789,116,66.29,59,33.71
Тегульдетская,630,413,189,189,2,45.762711864407,145,76.72,42,22.22
Тегульдетская,631,1243,582,582,9,46.822204344328,393,67.53,180,30.93
Тегульдетская,632,1065,581,581,7,54.553990610329,421,72.46,153,26.33
Тегульдетская,633,625,405,405,9,64.800000000000,298,73.58,98,24.2
Тегульдетская,634,176,107,107,4,60.795454545455,88,82.24,15,14.02
Тегульдетская,635,313,198,198,1,63.258785942492,179,90.4,18,9.09
Тегульдетская,636,73,38,38,0,52.054794520548,25,65.79,13,34.21
Тегульдетская,637,402,194,194,7,48.258706467662,149,76.8,38,19.59
"Томск, Кировская",41,284,137,137,0,48.239436619718,70,51.09,67,48.91
"Томск, Кировская",42,1307,630,630,5,48.201989288447,345,54.76,280,44.44
"Томск, Кировская",43,1537,767,767,3,49.902407286923,459,59.84,305,39.77
"Томск, Кировская",44,282,235,235,3,83.333333333333,95,40.43,137,58.3
"Томск, Кировская",45,1494,633,633,5,42.369477911647,359,56.71,269,42.5
"Томск, Кировская",46,2159,1001,1001,14,46.364057433997,627,62.64,360,35.96
"Томск, Кировская",47,1227,562,562,3,45.802770986145,335,59.61,224,39.86
"Томск, Кировская",48,2047,737,737,3,36.003908158280,432,58.62,302,40.98
"Томск, Кировская",49,1596,605,605,3,37.907268170426,344,56.86,258,42.64
"Томск, Кировская",50,1270,563,563,2,44.330708661417,340,60.39,221,39.25
"Томск, Кировская",51,1951,794,794,8,40.697078421322,470,59.19,316,39.8
"Томск, Кировская",52,1410,561,561,15,39.787234042553,374,66.67,172,30.66
"Томск, Кировская",53,1327,494,494,3,37.226827430294,262,53.04,229,46.36
"Томск, Кировская",54,653,332,332,2,50.842266462481,203,61.14,127,38.25
"Томск, Кировская",55,1457,520,520,3,35.689773507207,363,69.81,154,29.62
"Томск, Кировская",56,1441,606,606,6,42.054129077030,386,63.7,214,35.31
"Томск, Кировская",57,1050,477,477,2,45.428571428571,278,58.28,197,41.3
"Томск, Кировская",58,752,478,478,8,63.563829787234,268,56.07,202,42.26
"Томск, Кировская",59,1043,585,585,6,56.088207094919,304,51.97,275,47.01
"Томск, Кировская",60,753,263,263,4,34.926958831341,169,64.26,90,34.22
"Томск, Кировская",61,1294,580,580,8,44.822256568779,369,63.62,203,35
"Томск, Кировская",62,1682,762,762,5,45.303210463734,450,59.06,307,40.29
"Томск, Кировская",63,640,232,232,4,36.250000000000,176,75.86,52,22.41
"Томск, Кировская",64,364,150,150,3,41.208791208791,97,64.67,50,33.33
"Томск, Кировская",65,1633,631,631,1,38.640538885487,416,65.93,214,33.91
"Томск, Кировская",66,1410,458,457,4,32.482269503546,304,66.52,149,32.6
"Томск, Кировская",67,2301,834,834,12,36.245110821382,542,64.99,280,33.57
"Томск, Кировская",68,319,129,129,1,40.438871473354,75,58.14,53,41.09
"Томск, Кировская",69,2378,1103,1103,19,46.383515559294,655,59.38,429,38.89
"Томск, Кировская",70,2379,783,783,8,32.912988650694,483,61.69,292,37.29
"Томск, Кировская",71,2305,744,744,8,32.277657266811,448,60.22,288,38.71
"Томск, Кировская",72,2438,748,748,10,30.680885972108,445,59.49,293,39.17
"Томск, Кировская",73,239,182,182,3,76.150627615063,118,64.84,61,33.52
"Томск, Кировская",74,2135,795,795,4,37.236533957845,503,63.27,288,36.23
"Томск, Кировская",75,2044,947,943,6,46.330724070450,579,61.4,358,37.96
"Томск, Кировская",76,1063,448,448,5,42.144873000941,261,58.26,182,40.63
"Томск, Кировская",77,2145,1047,1047,9,48.811188811189,663,63.32,375,35.82
"Томск, Кировская",78,1921,806,806,11,41.957313899011,495,61.41,300,37.22
"Томск, Кировская",79,1419,557,557,5,39.252995066949,339,60.86,213,38.24
"Томск, Кировская",80,1453,598,598,6,41.156228492774,376,62.88,216,36.12
"Томск, Кировская",81,661,268,268,1,40.544629349471,186,69.4,81,30.22
"Томск, Кировская",82,1286,653,653,2,50.777604976672,389,59.57,262,40.12
"Томск, Кировская",83,1887,786,785,5,41.653418124006,483,61.53,297,37.83
"Томск, Кировская",84,1029,414,414,2,40.233236151603,311,75.12,101,24.4
"Томск, Кировская",85,1920,1172,1171,9,61.041666666667,670,57.22,492,42.02
"Томск, Кировская",86,1548,730,730,8,47.157622739018,445,60.96,277,37.95
"Томск, Кировская",87,1219,457,457,2,37.489745693191,299,65.43,156,34.14
"Томск, Кировская",88,863,456,456,5,52.838933951333,256,56.14,195,42.76
"Томск, Кировская",89,1409,674,674,7,47.835344215756,400,59.35,267,39.61
"Томск, Кировская",90,2219,1052,1051,12,47.408742676881,599,56.99,440,41.86
"Томск, Кировская",91,1193,476,476,6,39.899413243923,328,68.91,142,29.83
"Томск, Кировская",92,1085,439,439,6,40.460829493088,316,71.98,117,26.65
"Томск, Кировская",93,2004,824,823,10,41.117764471058,492,59.78,321,39
"Томск, Кировская",94,256,218,218,0,85.156250000000,65,29.82,153,70.18
"Томск, Кировская",95,1871,608,608,13,32.495991448423,392,64.47,203,33.39
"Томск, Кировская",96,1359,732,732,12,53.863134657837,389,53.14,331,45.22
"Томск, Кировская",212,1723,668,668,4,38.769587928033,343,51.35,321,48.05
"Томск, Ленинская",168,2139,769,769,5,35.951379149135,539,70.09,225,29.26
"Томск, Ленинская",169,1675,727,716,6,43.402985074627,473,66.06,237,33.1
"Томск, Ленинская",170,2333,870,870,14,37.291041577368,560,64.37,296,34.02
"Томск, Ленинская",171,2232,891,890,4,39.919354838710,577,64.83,309,34.72
"Томск, Ленинская",172,1540,616,616,4,40.000000000000,362,58.77,250,40.58
"Томск, Ленинская",173,1473,581,581,4,39.443312966735,402,69.19,175,30.12
"Томск, Ленинская",174,2501,1053,1050,11,42.103158736505,652,62.1,387,36.86
"Томск, Ленинская",175,1892,880,880,11,46.511627906977,553,62.84,316,35.91
"Томск, Ленинская",176,2110,881,880,13,41.753554502370,566,64.32,301,34.2
"Томск, Ленинская",177,2146,828,828,8,38.583410997204,541,65.34,279,33.7
"Томск, Ленинская",178,1797,691,691,5,38.452977184196,470,68.02,216,31.26
"Томск, Ленинская",179,1465,669,668,3,45.665529010239,416,62.28,249,37.28
"Томск, Ленинская",180,1768,732,730,5,41.402714932127,480,65.75,245,33.56
"Томск, Ленинская",181,1737,615,615,11,35.405872193437,387,62.93,217,35.28
"Томск, Ленинская",182,2320,913,913,15,39.353448275862,586,64.18,312,34.17
"Томск, Ленинская",183,1641,617,617,7,37.599024984765,445,72.12,165,26.74
"Томск, Ленинская",184,1094,432,432,4,39.488117001828,232,53.7,196,45.37
"Томск, Ленинская",185,1711,657,657,8,38.398597311514,433,65.91,216,32.88
"Томск, Ленинская",186,1753,669,669,5,38.163148887621,426,63.68,238,35.58
"Томск, Ленинская",187,1258,505,505,2,40.143084260731,306,60.59,197,39.01
"Томск, Ленинская",188,1383,420,420,5,30.368763557484,256,60.95,159,37.86
"Томск, Ленинская",189,2385,755,755,10,31.656184486373,513,67.95,232,30.73
"Томск, Ленинская",190,1807,394,394,5,21.804095185390,243,61.68,146,37.06
"Томск, Ленинская",191,1316,386,386,5,29.331306990881,249,64.51,132,34.2
"Томск, Ленинская",192,2801,717,717,6,25.598000714031,440,61.37,271,37.8
"Томск, Ленинская",193,2509,647,647,6,25.787166201674,416,64.3,225,34.78
"Томск, Ленинская",194,1989,623,623,11,31.322272498743,388,62.28,224,35.96
"Томск, Ленинская",195,2381,779,779,7,32.717345653087,470,60.33,302,38.77
"Томск, Ленинская",196,2102,702,702,3,33.396764985728,470,66.95,229,32.62
"Томск, Ленинская",197,1796,520,520,4,28.953229398664,318,61.15,198,38.08
"Томск, Ленинская",198,1548,515,514,5,33.268733850129,349,67.9,160,31.13
"Томск, Ленинская",199,1622,568,568,4,35.018495684340,390,68.66,174,30.63
"Томск, Ленинская",200,2009,731,731,8,36.386261821802,480,65.66,243,33.24
"Томск, Ленинская",201,1715,745,745,2,43.440233236152,375,50.34,368,49.4
"Томск, Ленинская",202,1799,696,696,8,38.688160088938,386,55.46,302,43.39
"Томск, Ленинская",203,1507,475,475,4,31.519575315196,294,61.89,177,37.26
"Томск, Ленинская",204,2098,909,909,9,43.326978074357,513,56.44,387,42.57
"Томск, Ленинская",205,2171,839,839,16,38.645785352372,599,71.39,224,26.7
"Томск, Ленинская",206,2305,764,764,12,33.145336225597,498,65.18,254,33.25
"Томск, Ленинская",207,1586,501,501,3,31.588902900378,297,59.28,201,40.12
"Томск, Ленинская",208,2596,701,701,14,27.003081664099,437,62.34,250,35.66
"Томск, Ленинская",209,2961,1486,1486,20,50.185748058088,879,59.15,587,39.5
"Томск, Ленинская",210,1475,569,566,6,38.576271186441,312,55.12,248,43.82
"Томск, Ленинская",570,1722,700,700,5,40.650406504065,366,52.29,329,47
"Томск, Октябрьская",97,1404,548,548,2,39.031339031339,357,65.15,189,34.49
"Томск, Октябрьская",98,2224,890,890,4,40.017985611511,529,59.44,357,40.11
"Томск, Октябрьская",99,2333,825,825,7,35.362194599228,416,50.42,402,48.73
"Томск, Октябрьская",100,1663,724,724,4,43.535778713169,456,62.98,264,36.46
"Томск, Октябрьская",101,1849,659,659,3,35.640886965928,407,61.76,249,37.78
"Томск, Октябрьская",102,2511,780,780,12,31.063321385902,502,64.36,266,34.1
"Томск, Октябрьская",103,1149,377,377,3,32.811140121845,250,66.31,124,32.89
"Томск, Октябрьская",104,558,212,212,4,37.992831541219,141,66.51,67,31.6
"Томск, Октябрьская",105,2356,814,814,7,34.550084889643,549,67.44,258,31.7
"Томск, Октябрьская",106,2569,1035,1035,11,40.288049824835,676,65.31,348,33.62
"Томск, Октябрьская",107,1673,660,660,1,39.450089659295,438,66.36,221,33.48
"Томск, Октябрьская",108,1680,654,654,3,38.928571428571,443,67.74,208,31.8
"Томск, Октябрьская",109,1700,583,582,5,34.294117647059,363,62.37,214,36.77
"Томск, Октябрьская",110,1859,840,839,11,45.185583647122,519,61.86,309,36.83
"Томск, Октябрьская",111,1828,738,738,7,40.371991247265,467,63.28,264,35.77
"Томск, Октябрьская",112,2056,770,769,3,37.451361867704,501,65.15,265,34.46
"Томск, Октябрьская",113,1832,759,759,6,41.430131004367,457,60.21,296,38.99
"Томск, Октябрьская",114,1101,494,494,7,44.868301544051,282,57.09,205,41.5
"Томск, Октябрьская",115,1954,1017,1017,11,52.047082906858,609,59.88,397,39.04
"Томск, Октябрьская",116,1681,628,628,5,37.358715050565,423,67.36,200,31.85
"Томск, Октябрьская",117,1562,570,570,11,36.491677336748,368,64.56,191,33.51
"Томск, Октябрьская",118,2023,717,716,10,35.442412259021,503,70.25,203,28.35
"Томск, Октябрьская",119,2122,864,863,10,40.716305372290,588,68.13,265,30.71
"Томск, Октябрьская",120,2173,827,827,8,38.057984353428,583,70.5,236,28.54
"Томск, Октябрьская",121,1950,717,717,20,36.769230769231,519,72.38,178,24.83
"Томск, Октябрьская",122,2246,895,895,18,39.848619768477,552,61.68,325,36.31
"Томск, Октябрьская",123,1539,583,583,1,37.881741390513,414,71.01,168,28.82
"Томск, Октябрьская",124,1852,681,681,13,36.771058315335,453,66.52,215,31.57
"Томск, Октябрьская",125,1847,806,806,4,43.638332430969,521,64.64,281,34.86
"Томск, Октябрьская",126,1869,715,715,14,38.255751738898,489,68.39,212,29.65
"Томск, Октябрьская",127,1815,772,772,5,42.534435261708,501,64.9,266,34.46
"Томск, Октябрьская",128,1755,679,678,6,38.689458689459,409,60.32,263,38.79
"Томск, Октябрьская",129,1434,503,503,4,35.076708507671,347,68.99,152,30.22
"Томск, Октябрьская",130,1299,430,429,4,33.102386451116,269,62.7,156,36.36
"Томск, Октябрьская",131,2062,907,907,12,43.986420950533,546,60.2,349,38.48
"Томск, Октябрьская",132,2466,946,946,7,38.361719383617,523,55.29,416,43.97
"Томск, Октябрьская",133,2313,723,723,12,31.258106355383,506,69.99,205,28.35
"Томск, Октябрьская",134,2279,691,691,8,30.320315928039,466,67.44,217,31.4
"Томск, Октябрьская",135,2313,628,628,12,27.150886294855,425,67.68,191,30.41
"Томск, Октябрьская",136,1324,378,377,3,28.549848942598,251,66.58,123,32.63
"Томск, Октябрьская",137,2289,904,904,6,39.493228484054,535,59.18,363,40.15
"Томск, Октябрьская",138,2089,883,883,10,42.269028243179,571,64.67,302,34.2
"Томск, Октябрьская",139,1364,570,570,2,41.788856304985,378,66.32,190,33.33
"Томск, Октябрьская",140,2312,876,876,4,37.889273356401,479,54.68,393,44.86
"Томск, Октябрьская",141,1991,706,706,19,35.459568056253,481,68.13,206,29.18
"Томск, Октябрьская",142,514,339,339,3,65.953307392996,261,76.99,75,22.12
"Томск, Октябрьская",143,1766,721,719,7,40.826727066818,479,66.62,233,32.41
"Томск, Октябрьская",144,1129,1124,1120,38,99.557130203720,757,67.59,325,29.02
"Томск, Октябрьская",145,1734,540,540,6,31.141868512111,349,64.63,185,34.26
"Томск, Октябрьская",146,1201,481,481,3,40.049958368027,276,57.38,202,41.99
"Томск, Октябрьская",147,1633,632,632,8,38.701775872627,450,71.2,174,27.53
"Томск, Октябрьская",148,1754,617,615,3,35.176738882554,423,68.78,189,30.73
"Томск, Октябрьская",149,2203,959,959,10,43.531547889242,593,61.84,356,37.12
"Томск, Октябрьская",150,2569,1147,1147,21,44.647722849358,647,56.41,479,41.76
"Томск, Октябрьская",151,2177,852,852,0,39.136426274690,445,52.23,407,47.77
"Томск, Октябрьская",152,1635,647,646,6,39.571865443425,421,65.17,219,33.9
"Томск, Октябрьская",153,2250,898,898,5,39.911111111111,515,57.35,378,42.09
"Томск, Октябрьская",154,1711,615,615,3,35.943892460549,412,66.99,200,32.52
"Томск, Октябрьская",155,1758,742,742,9,42.207053469852,506,68.19,227,30.59
"Томск, Октябрьская",156,1639,534,532,2,32.580841976815,311,58.46,219,41.17
"Томск, Октябрьская",157,2387,770,770,9,32.258064516129,498,64.68,263,34.16
"Томск, Октябрьская",158,2533,1036,1036,6,40.900118436636,598,57.72,432,41.7
"Томск, Октябрьская",159,1654,754,751,10,45.586457073761,443,58.99,298,39.68
"Томск, Октябрьская",160,2416,756,755,5,31.291390728477,451,59.74,299,39.6
"Томск, Октябрьская",161,2514,835,834,10,33.214001591090,506,60.67,318,38.13
"Томск, Октябрьская",162,2071,498,498,7,24.046354418155,299,60.04,192,38.55
"Томск, Октябрьская",163,1186,622,622,6,52.445193929174,375,60.29,241,38.75
"Томск, Октябрьская",164,2433,889,889,5,36.539251952322,540,60.74,344,38.7
"Томск, Октябрьская",165,1999,646,646,2,32.316158079040,391,60.53,253,39.16
"Томск, Октябрьская",166,1888,692,692,2,36.652542372881,385,55.64,305,44.08
"Томск, Советская",1,2309,1195,1194,8,51.754006063231,657,55.03,529,44.3
"Томск, Советская",2,2373,1088,1088,6,45.849136114623,578,53.13,504,46.32
"Томск, Советская",3,1557,736,735,8,47.270391779062,482,65.58,245,33.33
"Томск, Советская",4,2017,922,922,7,45.711452652454,603,65.4,312,33.84
"Томск, Советская",5,1784,734,734,10,41.143497757848,481,65.53,243,33.11
"Томск, Советская",6,1345,434,434,4,32.267657992565,266,61.29,164,37.79
"Томск, Советская",7,1962,797,797,17,40.621814475025,528,66.25,252,31.62
"Томск, Советская",8,1929,616,616,9,31.933644375324,394,63.96,213,34.58
"Томск, Советская",9,1908,739,739,7,38.731656184486,438,59.27,294,39.78
"Томск, Советская",10,2001,779,779,12,38.930534732634,481,61.75,286,36.71
"Томск, Советская",11,1859,744,744,4,40.021516944594,486,65.32,254,34.14
"Томск, Советская",12,2134,875,874,9,41.002811621368,505,57.78,360,41.19
"Томск, Советская",13,1996,740,740,9,37.074148296593,476,64.32,255,34.46
"Томск, Советская",14,2650,1025,1025,5,38.679245283019,595,58.05,425,41.46
"Томск, Советская",15,2074,957,956,16,46.142719382835,606,63.39,334,34.94
"Томск, Советская",16,1373,507,507,4,36.926438455936,293,57.79,210,41.42
"Томск, Советская",17,2388,972,970,8,40.703517587940,515,53.09,447,46.08
"Томск, Советская",18,2603,1037,1036,8,39.838647714176,639,61.68,389,37.55
"Томск, Советская",19,1510,629,629,1,41.655629139073,324,51.51,304,48.33
"Томск, Советская",20,1506,642,641,6,42.629482071713,385,60.06,250,39
"Томск, Советская",21,1907,850,850,12,44.572627163083,506,59.53,332,39.06
"Томск, Советская",22,2083,871,871,9,41.814690350456,588,67.51,274,31.46
"Томск, Советская",23,329,240,240,1,72.948328267477,126,52.5,113,47.08
"Томск, Советская",24,1925,688,688,4,35.740259740260,439,63.81,245,35.61
"Томск, Советская",25,1016,472,472,4,46.456692913386,277,58.69,191,40.47
"Томск, Советская",26,1344,562,562,4,41.815476190476,345,61.39,213,37.9
"Томск, Советская",27,2575,1104,1104,15,42.873786407767,673,60.96,416,37.68
"Томск, Советская",28,1630,861,861,5,52.822085889571,527,61.21,329,38.21
"Томск, Советская",29,2147,1022,1022,5,47.601304145319,608,59.49,409,40.02
"Томск, Советская",30,2174,910,910,12,41.858325666973,583,64.07,315,34.62
"Томск, Советская",31,2308,997,994,3,43.197573656846,589,59.26,402,40.44
"Томск, Советская",32,2207,889,889,7,40.280924331672,540,60.74,342,38.47
"Томск, Советская",33,2482,1090,1090,8,43.916196615633,651,59.72,431,39.54
"Томск, Советская",34,2630,993,993,6,37.756653992395,577,58.11,410,41.29
"Томск, Советская",35,1583,517,517,6,32.659507264687,334,64.6,177,34.24
"Томск, Советская",36,1544,717,716,5,46.437823834197,452,63.13,259,36.17
"Томск, Советская",37,2429,1051,1051,11,43.268834911486,580,55.19,460,43.77
"Томск, Советская",38,2200,779,778,8,35.409090909091,458,58.87,312,40.1
"Томск, Советская",39,1975,1233,1233,10,62.430379746835,695,56.37,528,42.82
"Томск, Советская",40,2269,784,784,11,34.552666372851,475,60.59,298,38.01
"Томск, Советская",211,1445,578,578,15,40.000000000000,305,52.77,258,44.64
Томская,638,425,172,172,0,40.470588235294,124,72.09,48,27.91
Томская,639,124,71,71,0,57.258064516129,63,88.73,8,11.27
Томская,640,159,86,86,1,54.088050314465,74,86.05,11,12.79
Томская,641,1521,650,650,4,42.735042735043,347,53.38,299,46
Томская,642,991,463,463,6,46.720484359233,327,70.63,130,28.08
Томская,643,41,34,34,0,82.926829268293,27,79.41,7,20.59
Томская,644,157,79,79,0,50.318471337580,52,65.82,27,34.18
Томская,645,434,194,194,2,44.700460829493,138,71.13,54,27.84
Томская,646,1251,425,425,6,33.972821742606,304,71.53,115,27.06
Томская,647,993,351,351,6,35.347432024169,262,74.64,83,23.65
Томская,648,1232,527,527,3,42.775974025974,370,70.21,154,29.22
Томская,649,385,214,214,1,55.584415584416,160,74.77,53,24.77
Томская,650,470,247,247,2,52.553191489362,192,77.73,53,21.46
Томская,651,398,258,258,5,64.824120603015,180,69.77,73,28.29
Томская,652,498,257,257,1,51.606425702811,195,75.88,61,23.74
Томская,653,275,149,149,1,54.181818181818,115,77.18,33,22.15
Томская,654,630,342,342,5,54.285714285714,201,58.77,136,39.77
Томская,655,1683,767,767,10,45.573380867499,443,57.76,314,40.94
Томская,656,1389,684,684,2,49.244060475162,479,70.03,203,29.68
Томская,657,457,193,193,0,42.231947483589,135,69.95,58,30.05
Томская,658,2195,793,793,5,36.127562642369,403,50.82,385,48.55
Томская,659,467,193,192,0,41.327623126338,144,75,48,25
Томская,660,1276,576,576,7,45.141065830721,399,69.27,170,29.51
Томская,661,2196,659,659,8,30.009107468124,463,70.26,188,28.53
Томская,662,325,136,136,0,41.846153846154,96,70.59,40,29.41
Томская,663,953,324,324,2,33.997901364113,233,71.91,89,27.47
Томская,664,2638,1121,1120,7,42.494313874147,711,63.48,402,35.89
Томская,665,1843,622,622,2,33.749321758003,366,58.84,254,40.84
Томская,666,495,212,212,3,42.828282828283,137,64.62,72,33.96
Томская,667,533,250,250,1,46.904315196998,170,68,79,31.6
Томская,668,768,335,335,0,43.619791666667,268,80,67,20
Томская,669,217,130,130,0,59.907834101382,85,65.38,45,34.62
Томская,670,1543,684,684,4,44.329228775113,519,75.88,161,23.54
Томская,671,415,202,202,3,48.674698795181,137,67.82,62,30.69
Томская,672,330,164,164,0,49.696969696970,113,68.9,51,31.1
Томская,673,735,350,350,0,47.619047619048,259,74,91,26
Томская,674,918,422,422,5,45.969498910675,330,78.2,87,20.62
Томская,675,706,282,282,1,39.943342776204,217,76.95,64,22.7
Томская,676,469,196,196,1,41.791044776119,141,71.94,54,27.55
Томская,677,514,238,238,4,46.303501945525,190,79.83,44,18.49
Томская,678,1459,455,455,12,31.185743660041,329,72.31,114,25.05
Томская,679,1217,571,571,7,46.918652423993,430,75.31,134,23.47
Томская,680,1873,629,629,9,33.582487987186,449,71.38,171,27.19
Томская,681,1568,678,678,11,43.239795918367,458,67.55,209,30.83
Томская,682,98,50,50,0,51.020408163265,47,94,3,6
Томская,683,221,106,106,1,47.963800904977,75,70.75,30,28.3
Томская,684,1074,350,350,2,32.588454376164,248,70.86,100,28.57
Томская,685,1695,553,553,3,32.625368731563,329,59.49,221,39.96
Томская,686,905,359,359,4,39.668508287293,236,65.74,119,33.15
Томская,687,495,190,190,0,38.383838383838,131,68.95,59,31.05
Томская,688,778,280,279,2,35.989717223650,211,75.63,66,23.66
Томская,689,169,93,93,0,55.029585798817,71,76.34,22,23.66
Томская,690,503,297,297,1,59.045725646123,226,76.09,70,23.57
Томская,691,262,156,156,0,59.541984732824,122,78.21,34,21.79
Томская,692,224,102,102,3,45.535714285714,78,76.47,21,20.59
Томская,693,155,76,76,0,49.032258064516,64,84.21,12,15.79
Томская,694,150,91,91,0,60.666666666667,71,78.02,20,21.98
Томская,695,308,156,156,0,50.649350649351,106,67.95,50,32.05
Томская,696,353,184,184,3,52.124645892351,151,82.07,30,16.3
Томская,697,450,152,152,4,33.777777777778,110,72.37,38,25
Томская,698,127,71,71,0,55.905511811024,55,77.46,16,22.54
Томская,699,619,377,377,0,60.904684975767,286,75.86,91,24.14
Томская,700,112,58,58,0,51.785714285714,38,65.52,20,34.48
Томская,701,970,444,444,11,45.773195876289,280,63.06,153,34.46
Томская,702,628,242,242,3,38.535031847134,158,65.29,81,33.47
Томская,703,2666,1246,1244,13,46.736684171043,830,66.72,401,32.23
Томская,704,1890,837,837,7,44.285714285714,548,65.47,282,33.69
Томская,705,943,438,438,4,46.447507953340,308,70.32,126,28.77
Томская,706,1119,472,472,2,42.180518319929,334,70.76,136,28.81
Томская,707,865,331,331,1,38.265895953757,252,76.13,78,23.56
Томская,708,1155,514,514,12,44.502164502165,332,64.59,170,33.07
Томская,709,131,44,44,0,33.587786259542,29,65.91,15,34.09
Томская,710,303,108,108,0,35.643564356436,81,75,27,25
Томская,711,1463,579,579,3,39.576213260424,382,65.98,194,33.51
Томская,712,805,332,332,9,41.242236024845,227,68.37,96,28.92
Томская,713,492,212,212,2,43.089430894309,166,78.3,44,20.75
Томская,714,450,191,191,1,42.444444444444,147,76.96,43,22.51
Томская,715,382,193,193,3,50.523560209424,117,60.62,73,37.82
Томская,716,177,113,113,0,63.841807909605,101,89.38,12,10.62
Томская,717,2198,985,985,8,44.813466787989,410,41.62,567,57.56
Чаинская,718,176,83,83,0,47.159090909091,71,85.54,12,14.46
Чаинская,719,395,152,152,1,38.481012658228,132,86.84,19,12.5
Чаинская,720,86,61,61,1,70.930232558140,54,88.52,6,9.84
Чаинская,721,238,109,109,1,45.798319327731,67,61.47,41,37.61
Чаинская,722,470,241,241,2,51.276595744681,190,78.84,49,20.33
Чаинская,723,339,150,150,4,44.247787610619,100,66.67,46,30.67
Чаинская,724,464,235,235,1,50.646551724138,169,71.91,65,27.66
Чаинская,725,372,186,186,1,50.000000000000,150,80.65,35,18.82
Чаинская,726,270,190,190,1,70.370370370370,145,76.32,44,23.16
Чаинская,727,414,226,226,4,54.589371980676,176,77.88,46,20.35
Чаинская,728,552,330,330,1,59.782608695652,219,66.36,110,33.33
Чаинская,729,251,122,122,1,48.605577689243,106,86.89,15,12.3
Чаинская,730,219,119,119,1,54.337899543379,99,83.19,19,15.97
Чаинская,731,128,74,74,1,57.812500000000,55,74.32,18,24.32
Чаинская,732,95,64,64,0,67.368421052632,40,62.5,24,37.5
Чаинская,733,149,76,76,1,51.006711409396,54,71.05,21,27.63
Чаинская,734,181,75,75,1,41.436464088398,60,80,14,18.67
Чаинская,735,154,65,65,1,42.207792207792,45,69.23,19,29.23
Чаинская,736,256,106,106,1,41.406250000000,77,72.64,28,26.42
Чаинская,737,70,36,36,0,51.428571428571,25,69.44,11,30.56
Чаинская,738,158,73,73,0,46.202531645570,49,67.12,24,32.88
Чаинская,739,720,357,357,11,49.583333333333,215,60.22,131,36.69
Чаинская,740,500,276,276,2,55.200000000000,186,67.39,88,31.88
Чаинская,741,537,244,244,1,45.437616387337,156,63.93,87,35.66
Чаинская,742,555,261,261,3,47.027027027027,176,67.43,82,31.42
Чаинская,743,783,433,433,1,55.300127713921,265,61.2,167,38.57
Чаинская,744,593,306,306,8,51.602023608769,180,58.82,118,38.56
Шегарская,745,417,256,256,2,61.390887290168,184,71.88,70,27.34
Шегарская,746,195,136,136,0,69.743589743590,119,87.5,17,12.5
Шегарская,747,351,228,228,4,64.957264957265,159,69.74,65,28.51
Шегарская,748,115,114,114,2,99.130434782609,99,86.84,13,11.4
Шегарская,749,450,296,296,0,65.777777777778,233,78.72,63,21.28
Шегарская,750,161,105,105,0,65.217391304348,87,82.86,18,17.14
Шегарская,751,866,520,520,12,60.046189376443,402,77.31,106,20.38
Шегарская,752,420,302,302,1,71.904761904762,227,75.17,74,24.5
Шегарская,753,125,100,100,1,80.000000000000,69,69,30,30
Шегарская,754,525,343,343,1,65.333333333333,275,80.17,67,19.53
Шегарская,755,230,125,125,0,54.347826086957,101,80.8,24,19.2
Шегарская,756,600,300,300,0,50.000000000000,224,74.67,76,25.33
Шегарская,757,893,664,664,8,74.356103023516,552,83.13,104,15.66
Шегарская,758,464,291,291,1,62.715517241379,235,80.76,55,18.9
Шегарская,759,399,177,177,1,44.360902255639,137,77.4,39,22.03
Шегарская,760,267,150,150,0,56.179775280899,118,78.67,32,21.33
Шегарская,761,474,227,227,7,47.890295358650,177,77.97,43,18.94
Шегарская,762,297,171,171,2,57.575757575758,131,76.61,38,22.22
Шегарская,763,591,306,306,1,51.776649746193,214,69.93,91,29.74
Шегарская,764,753,358,358,9,47.543160690571,239,66.76,110,30.73
Шегарская,765,796,385,383,6,48.366834170854,269,70.23,108,28.2
Шегарская,766,807,475,473,3,58.859975216853,353,74.63,117,24.74
Шегарская,767,614,300,300,2,48.859934853420,216,72,82,27.33
Шегарская,768,959,340,340,1,35.453597497393,226,66.47,113,33.24
Шегарская,769,632,340,340,8,53.797468354430,230,67.65,102,30
Шегарская,770,737,354,354,5,48.032564450475,240,67.8,109,30.79
Шегарская,771,573,246,246,3,42.931937172775,167,67.89,76,30.89
Шегарская,772,570,253,253,2,44.385964912281,190,75.1,61,24.11
